Sheep_ID,Group,Weight,BSA,Vt_preECMO,Vt_Tmin1,Vt_T0,Vt_ECMO,Vt_T1,Vt_T2,Vt_T3,Vt_T4,Vt_T5,Vt_T6,Vt_T7,Vt_T8,Vt_T9,Vt_T10,Vt_T11,Vt_T12,Vt_T13,Vt_T14,Vt_T15,Vt_T16,Vt_T17,Vt_T18 ,Vt_T19,Vt_T20,Vt_T21,Vt_T22 ,Vt_T23,Vt_T24,RR_Tmin1,RR_T0,RR_T1,RR_T2,RR_T3,RR_T4,RR_T5,RR_T6,RR_T7,RR_T8,RR_T9,RR_T10,RR_T11,RR_T12,RR_T13,RR_T14,RR_T15,RR_T16,RR_T17,RR_T18,RR_T19,RR_T20,RR_T21,RR_T22,RR_T23,RR_T24,FiO2_Tmin1,FiO2_T0,FiO2_T1,FiO2_T2,FiO2_T3,FiO2_T4,FiO2_T5,FiO2_T6,FiO2_T7,FiO2_T8,FiO2_T9,FiO2_T10,FiO2_T11,FiO2_T12,FiO2_T13,FiO2_T14,FiO2_T15,FiO2_T16,FiO2_T17,FiO2_T18,FiO2_T19,FiO2_T20,FiO2_T21,FiO2_T22,FiO2_T23,FiO2_T24,PEEP_Tmin1,PEEP_T0,PEEP_T1,PEEP_T2,PEEP_T3,PEEP_T4,PEEP_T5,PEEP_T6,PEEP_T7,PEEP_T8,PEEP_T9,PEEP_T10,PEEP_T11,PEEP_T12,PEEP_T13,PEEP_T14,PEEP_T15,PEEP_T16,PEEP_T17,PEEP_T18,PEEP_T19,PEEP_T20,PEEP_T21,PEEP_T22,PEEP_T23,PEEP_T24,IE_Ratio_Tmin1,IE_Ratio_T0,IE_Ratio_T1,IE_Ratio_T2,IE_Ratio_T3,IE_Ratio_T4,IE_Ratio_T5,IE_Ratio_T6,IE_Ratio_T7,IE_Ratio_T8,IE_Ratio_T9,IE_Ratio_T10,IE_Ratio_T11,IE_Ratio_T12,IE_Ratio_T13,IE_Ratio_T14,IE_Ratio_T15,IE_Ratio_T16,IE_Ratio_T17,IE_Ratio_T18,IE_Ratio_T19,IE_Ratio_T20,IE_Ratio_T21,IE_Ratio_T22,IE_Ratio_T23,IE_Ratio_T24,Ppeak_Tmin1,Ppeak_T0,Ppeak_T1,Ppeak_T2,Ppeak_T3,Ppeak_T4,Ppeak_T5,Ppeak_T6,Ppeak_T7,Ppeak_T8,Ppeak_T9,Ppeak_T10,Ppeak_T11,Ppeak_T12,Ppeak_T13,Ppeak_T14,Ppeak_T15,Ppeak_T16,Ppeak_T17,Ppeak_T18,Ppeak_T19,Ppeak_T20,Ppeak_T21,Ppeak_T22,Ppeak_T23,Ppeak_T24,Pplat_Tmin1,Pplat_T0,Pplat_T1,Pplat_T2,Pplat_T3,Pplat_T4,Pplat_T5,Pplat_T6,Pplat_T7,Pplat_T8,Pplat_T9,Pplat_T10,Pplat_T11,Pplat_T12,Pplat_T13,Pplat_T14,Pplat_T15,Pplat_T16,Pplat_17,Pplat_T18,Pplat_T19,Pplat_T20,Pplat_T21,Pplat_T22,Pplat_T23,Pplat_T24,Cstat_Tmin1,Cstat_T0,Cstat_T1,Cstat_T2,Cstat_T3,Cstat_T4,Cstat_T5,Cstat_T6,Cstat_T7 ,Cstat_T8,Cstat_T9,Cstat_T10,Cstat_T11,Cstat_T12,Cstat_T13,Cstat_T14,Cstat_T15,Cstat_T16,Cstat_T17,Cstat_T18,Cstat_T19,Cstat_T20,Cstat_T21,Cstat_T22,Cstat_T23,Cstat_T24,dP_Tmin1,dP_T0,dP_T1,dP_T2,dP_T3,dP_T4,dP_T5,dP_T6,dP_T7,dP_T8,dP_T9,dP_T10,dP_T11,dP_T12,dP_T13,dP_T14,dP_T15,dP_T16,dP_T17,dP_T18,dP_T19,dP_T20,dP_T21,dP_T22,dP_T23,dP_T24,pH_Tmin1,pH_T0,pH_T1,pH_T2,pH_T3,pH_T4,pH_T5,pH_T6,pH_T7,pH_T8,pH_T9,pH_T10,pH_T11,pH_T12,pH_T13,pH_T14,pH_T15,pH_T16,pH_T17,pH_T18,pH_T19,pH_T20,pH_T21,pH_T22,pH_T23,pH_T24,PaO2_Tmin1,PaO2_T0,PaO2_T1,PaO2_T2,PaO2_T3,PaO2_T4,PaO2_T5,PaO2_T6,PaO2_T7,PaO2_T8,PaO2_T9,PaO2_T10,PaO2_T11,PaO2_T12,PaO2_T13,PaO2_T14,PaO2_T15,PaO2_T16,PaO2_T17,PaO2_T18,PaO2_T19,PaO2_T20,PaO2_T21,PaO2_T22,PaO2_T23,PaO2_T24,PaCO2_Tmin1,PaCO2_T0,PaCO2_T1,PaCO2_T2,PaCO2_T3,PaCO2_T4,PaCO2_T5,PaCO2_T6,PaCO2_T7,PaCO2_T8,PaCO2_T9,PaCO2_T10,PaCO2_T11,PaCO2_T12,PaCO2_T13,PaCO2_T14,PaCO2_T15,PaCO2_T16,PaCO2_T17,PaCO2_T18,PaCO2_T19,PaCO2_T20,PaCO2_T21,PaCO2_T22,PaCO2_T23,PaCO2_T24,SaO2_Tmin1,SaO2_T0,SaO2_T1,SaO2_T2,SaO2_T3,SaO2_T4,SaO2_T5,SaO2_T6,SaO2_T7,SaO2_T8,SaO2_T9,SaO2_T10,SaO2_T11,SaO2_T12,SaO2_T13,SaO2_T14,SaO2_T15,SaO2_T16,SaO2_T17,SaO2_T18,SaO2_T19,SaO2_T20,SaO2_T21,SaO2_T22,SaO2_T23,SaO2_T24,HCO3_Tmin1,HCO3_T0,HCO3_T1,HCO3_T2,HCO3_T3,HCO3_T4,HCO3_T5,HCO3_T6,HCO3_T7,HCO3_T8,HCO3_T9,HCO3_T10,HCO3_T11,HCO3_T12,HCO3_T13,HCO3_T14,HCO3_T15,HCO3_T16,HCO3_T17,HCO3_T18,HCO3_T19,HCO3_T20,HCO3_T21,HCO3_T22,HCO3_T23,HCO3_T24,BE_Tmin1,BE_T0,BE_T1,BE_T2,BE_T3,BE_T4,BE_T5,BE_T6,BE_T7,BE_T8,BE_T9,BE_T10,BE_T11,BE_T12,BE_T13,BE_T14,BE_T15,BE_T16,BE_T17,BE_T18,BE_T19,BE_T20,BE_T21,BE_T22,BE_T23,BE_T24,Lactate_Tmin1,Lactate_T0,Lactate_T1,Lactate_T2,Lactate_T3,Lactate_T4,Lactate_T5,Lactate_T6,Lactate_T7,Lactate_T8,Lactate_T9,Lactate_T10,Lactate_T11,Lactate_T12,Lactate_T13,Lactate_T14,Lactate_T15,Lactate_T16,Lactate_T17,Lactate_T18,Lactate_T19,Lactate_T20,Lactate_T21,Lactate_T22,Lactate_T23,Lactate_T24,ETCO2_Tmin1,ETCO2_T0,ETCO2_T1,ETCO2_T2,ETCO2_T3,ETCO2_T4,ETCO2_T5,ETCO2_T6,ETCO2_T7,ETCO2_T8,ETCO2_T9,ETCO2_T10,ETCO2_T11,ETCO2_T12,ETCO2_T13,ETCO2_T14,ETCO2_T15,ETCO2_T16,ETCO2_T17,ETCO2_T18,ETCO2_T19,ETCO2_T20,ETCO2_T21,ETCO2_T22,ETCO2_T23,ETCO_T24,PF_ratio_Tmin1,PF_ratio_T0,PF_ratio_T24,T0_OI,T24_OI,Delta_OI,HR_Tmin1,HR_T0,HR_T1,HR_T2,HR_T3,HR_T4,HR_T5,HR_T6,HR_T7,HR_T8,HR_T9,HR_T10,HR_T11,HR_T12,HR_T13,HR_T14,HR_T15,HR_T16,HR_T17,HR_T18,HR_T19,HR_T20,HR_T21,HR_T22,HR_T23,HR_T24,SBP_Tmin1,SBP_T0,SBP_T1,SBP_T2,SBP_T3,SBP_T4,SBP_T5,SBP_T6,SBP_T7,SBP_T8,SBP_T9,SBP_T10,SBP_T11,SBP_T12,SBP_T13,SBP_T14,SBP_T15,SBP_T16,SBP_T17,SBP_T18,SBP_T19,SBP_T20,SBP_T21,SBP_T22,SBP_T23,SBP_T24,DBP_Tmin1,DBP_T0,DBP_T1,DBP_T2,DBP_T3,DBP_T4,DBP_T5,DBP_T6,DBP_T7,DBP_T8,DBP_T9,DBP_T10,DBP_T11,DBP_T12,DBP_T13,DBP_T14,DBP_T15,DBP_T16,DBP_T17,DBP_T18,DBP_T19,DBP_T20,DBP_T21,DBP_T22,DBP_T23,DBP_T24,MAP_Tmin1,MAP_T0,MAP_T1,MAP_T2,MAP_T3,MAP_T4,MAP_T5,MAP_T6,MAP_T7,MAP_T8,MAP_T9,MAP_T10,MAP_T11,MAP_T12,MAP_T13,MAP_T14,MAP_T15,MAP_T16,MAP_T17,MAP_T18,MAP_T19,MAP_T20,MAP_T21,MAP_T22,MAP_T23,MAP_T24,SPAP_Tmin1,SPAP_T0,SPAP_T1,SPAP_T2,SPAP_T3,SPAP_T4,SPAP_T5,SPAP_T6,SPAP_T7,SPAP_T8,SPAP_T9,SPAP_T10,SPAP_T11,SPAP_T12,SPAP_T13,SPAP_T14,SPAP_T15,SPAP_T16,SPAP_T17,SPAP_T18,SPAP_T19,SPAP_T20,SPAP_T21,SPAP_T22,SPAP_T23,SPAP_T24,DPAP_Tmin1,DPAP_T0,DPAP_T1,DPAP_T2,DPAP_T3,DPAP_T4,DPAP_T5,DPAP_T6,DPAP_T7,DPAP_T8,DPAP_T9,DPAP_T10,DPAP_T11,DPAP_T12,DPAP_T13,DPAP_T14,DPAP_T15,DPAP_T16,DPAP_T17,DPAP_T18,DPAP_T19,DPAP_T20,DPAP_T21,DPAP_T22,DPAP_T23,DPAP_T24,MPAP_Tmin1,MPAP_T0,MPAP_T1,MPAP_T2,MPAP_T3,MPAP_T4,MPAP_T5,MPAP_T6,MPAP_T7,MPAP_T8,MPAP_T9,MPAP_T10,MPAP_T11,MPAP_T12,MPAP_T13,MPAP_T14,MPAP_T15,MPAP_T16,MPAP_T17,MPAP_T18,MPAP_T19,MPAP_T20,MPAP_T21,MPAP_T22,MPAP_T23,MPAP_T24,CVP_Tmin1,CVP_T0,CVP_T1,CVP_T2,CVP_T3,CVP_T4,CVP_T5,CVP_T6,CVP_T7,CVP_T8,CVP_T9,CVP_T10,CVP_T11,CVP_T12,CVP_T13,CVP_T14,CVP_T15,CVP_T16,CVP_T17,CVP_T18,CVP_T19,CVP_T20,CVP_T21,CVP_T22,CVP_T23,CVP_T24,CO_Tmin1,CO_T0,CO_T1,CO_T2,CO_T3,CO_T4,CO_T5,CO_T6,CO_T7,CO_T8,CO_T9,CO_T10,CO_T11,CO_T12,CO_T13,CO_T14,CO_T15,CO_T16,CO_T17,CO_T18,CO_T19,CO_T20,CO_T21,CO_T22,CO_T23,CO_T24,CI_Tmin1,CI_T0,CI_T1,CI_T2,CI_T3,CI_T4,CI_T5,CI_T6,CI_T7,CI_T8,CI_T9,CI_T10,CI_T11,CI_T12,CI_T13,CI_T14,CI_T15,CI_T16,CI_T17,CI_T18,CI_T19,CI_T20,CI_T21,CI_T22,CI_T23,CI_T24,Temp_Tmin1,Temp_T0,Temp_T1,Temp_T2,Temp_T3,Temp_T4,Temp_T5,Temp_T6,Temp_T7,Temp_T8,Temp_T9,Temp_T10,Temp_T11,Temp_T12,Temp_T13,Temp_T14,Temp_T15,Temp_T16,Temp_T17,Temp_T18,Temp_T19,Temp_T20,Temp_T21,Temp_T22,Temp_T23,Temp_T24,UO_Tmin1,UO_T0,UO_T1,UO_T2,UO_T3,UO_T4,UO_T5,UO_T6,UO_T7,UO_T8,UO_T9,UO_T10,UO_T11,UO_T12,UO_T13,UO_T14,UO_T15,UO_T16,UO_T17,UO_T18,UO_T19,UO_T20,UO_T21,UO_T22,UO_T23,UO_T24,UO_Cumul24,CRYS_Tmin1,CRYS_T0,CRYS_T1,CRYS_T2,CRYS_T3,CRYS_T4,CRYS_T5,CRYS_T6,CRYS_T7,CRYS_T8,CRYS_T9,CRYS_T10,CRYS_T11,CRYS_T12,CRYS_T13,CRYS_T14,CRYS_T15,CRYS_T16,CRYS_T17,CRYS_T18,CRYS_T19,CRYS_T20,CRYS_T21,CRYS_T22,CRYS_T23,CRYS_T24,CRYS_Cumul24,FB_24,NA_Tmin1,NA_T0,NA_T1,NA_T2,NA_T3,NA_T4,NA_T5,NA_T6,NA_T7,NA_T8,NA_T9,NA_T10,NA_T11,NA_T12,NA_T13,NA_T14,NA_T15,NA_T16,NA_T17,NA_T18,NA_T19,NA_T20,NA_T21,NA_T22,NA_T23,NA_T24,NAmcgkgmin_Tmin1,NAmcgkgmin_T0,NAmcgkgmin_T1,NAmcgkgmin_T2,NAmcgkgmin_T3,NAmcgkgmin_T4,NAmcgkgmin_T5,NAmcgkgmin_T6,NAmcgkgmin_T7,NAmcgkgmin_T8,NAmcgkgmin_T9,NAmcgkgmin_T10,NAmcgkgmin_T11,NAmcgkgmin_T12,NAmcgkgmin_T13,NAmcgkgmin_T14,NAmcgkgmin_T15,NAmcgkgmin_T16,NAmcgkgmin_T17,NAmcgkgmin_T18,NAmcgkgmin_T19,NAmcgkgmin_T20,NAmcgkgmin_T21,NAmcgkgmin_T22,NAmcgkgmin_T23,NAmcgkgmin_T24
23,Control,52,1.19,5.77,300,300,3.85,200,200,200,200,200,200,200,200,200,200,200,200,200,200,200,200,200,200,200,200,200,200,200,300,35,35,8,8,8,8,8,8,8,8,8,8,8,8,8,8,8,8,8,8,8,8,8,8,8,25,0.28,1,0.3,0.3,0.3,0.3,0.3,0.3,0.3,0.3,0.4,0.4,0.3,0.3,0.3,0.3,0.3,0.3,0.3,0.3,0.3,0.3,0.3,0.3,0.3,1,5,10,10,10,10,10,10,10,10,10,10,10,8,8,8,8,8,8,8,8,8,8,8,8,8,10,1.2,1.2,1.3,1.3,1.3,1.3,1.3,1.3,1.3,1.3,1.4,1.4,1.4,1.4,1.4,1.4,1.4,1.4,1.4,1.4,1.4,1.4,1.4,1.4,1.4,1.2,22,34,24,31,27,24,22,22,21,22,18,16,17,16,18,16,19,18,19,19,19,19,22,21,21,36,19,28,22,27,24,19,13,21,18,17,16,22,18,18,19,18,18,17,17,16,17,NA,18,19,20,32,36,18,20,15,17,22,22,29,24,24,27,27,27,23,23,23,22,23,23,21,22,20,21,NA,20,18,14,18,12,17,14,9,3,11,8,7,6,14,10,10,11,10,10,9,9,8,9,NA,10,11,10,22,7.371,7.288,7.614,7.412,7.393,7.378,7.456,7.559,7.45,7.435,7.423,7.45,7.375,7.366,7.349,7.339,7.467,NA,NA,NA,NA,7.463,NA,NA,7.406,7.412,105,32,190,139,140,102,NA,122,85,84,83,148,106,131,128,127,82,NA,NA,NA,NA,84,NA,NA,93,467,46,57,22,36,38,40,34,25,30,33,32,31,40,41,45,47,32,NA,NA,NA,NA,30,NA,NA,34,32,100,50,99,99,99,98,93,98,97,97,97,97,98,97,98,98,98,NA,NA,NA,NA,96,NA,NA,97,100,25.8,26.2,23.4,22.6,22.6,23.1,23.7,21.8,20.8,21.9,20.1,21.5,22.9,23.1,24.1,24.5,22.8,NA,NA,NA,NA,21.3,NA,NA,21,20.2,1.1,0.4,1.7,-1.4,-1.6,-1.4,0.2,-0.4,-0.8,-1.7,-3.5,-1.9,-1.6,-1.5,-0.7,-0.5,-0.5,NA,NA,NA,NA,-1.9,NA,NA,-2.9,-3.6,1.1,1.1,3.1,2.9,2.8,3.1,3.5,3.5,3.3,3.1,3.3,2.6,2.2,1.8,1.6,1.5,1.7,NA,NA,NA,NA,2.1,NA,NA,1.7,1.7,42,36,17,24,16,16,8,11,9,9,9,8,15,26,8,31,15,13,12,12,20,23,15,NA,14,30,375,32,467,41.4,2.8,-38.6,113,135,84,117,110,115,115,102,99,118,108,91,91,79,81,81,81,79,78,79,97,94,90,NA,83,83,128,110,NA,85,92,90,87,85,88,100,98,100,96,93,101,97,102,101,94,98,98,96,96,NA,90,102,104,84,NA,53,64,61,51,50,51,61,62,56,58,49,56,51,56,51,49,53,59,55,55,NA,50,70,115,96,NA,60,73,72,69,60,61,72,75,72,70,63,71,67,71,67,65,69,65,60,67,NA,65,86,18,16,NA,32,32,34,36,30,33,36,33,30,34,33,41,43,41,38,32,45,40,37,38,NA,32,41,8,7,NA,27,20,20,22,17,17,17,17,19,15,18,24,23,24,22,22,19,23,28,30,NA,26,33,12,11,NA,28,29,30,30,25,27,29,27,24,28,29,34,35,34,30,27,34,34,32,33,NA,29,37,11,11,1,8,7,8,9,9,10,9,9,8,8,8,8,8,8,9,9,10,9,8,9,NA,9,18,NA,NA,NA,NA,4.8,4.9,6.1,6,5.9,7.7,8.4,6.7,6.2,5.9,6.9,7.5,6.9,9,10.2,9.4,9,9.1,9,NA,7.3,6.5,NA,NA,NA,NA,4.03,4.12,5.13,5.04,4.96,6.47,7.06,5.63,5.21,4.96,5.80,6.30,5.80,7.56,8.57,7.90,7.56,7.65,7.56,NA,6.13,5.46,37,36.5,37,39.8,38.9,39,39,39.1,39.2,39.3,NA,37.2,37.2,37.1,NA,37.1,37.1,37.5,37.5,37.5,37.5,37.6,37.7,NA,37.7,38,300,250,500,130,170,200,200,100,60,55,45,40,40,50,70,35,45,55,100,50,50,60,30,50,20,35,2740,52,1052,52,52,52,354,104,52,52,252,252,52,52,52,252,52,352,52,202,52,52,252,52,352,352,252,4756,2016,0,5,0,5,15,15,15,15,15,15,10,10,5,5,7.5,7.5,7.5,7.5,5,7.5,7.5,7.5,7.5,7.5,7.5,7.5,0,0.096153846,0,0.096153846,0.288461538,0.288461538,0.288461538,0.288461538,0.288461538,0.288461538,0.192307692,0.192307692,0.096153846,0.096153846,0.144230769,0.144230769,0.144230769,0.144230769,0.096153846,0.144230769,0.144230769,0.144230769,0.144230769,0.144230769,0.144230769,0.144230769
24,Control,50,1.16,6,300,300,3,150,150,150,150,150,150,150,150,150,150,150,150,150,150,150,150,150,150,150,150,150,150,150,300,30,30,8,8,8,8,8,8,8,8,8,8,8,8,8,8,8,8,8,8,8,8,8,8,8,30,0.28,1,0.3,0.3,0.3,0.3,0.3,0.3,0.3,0.3,0.3,0.3,0.3,0.3,0.3,0.3,0.3,0.3,0.3,0.3,0.3,0.3,0.3,0.3,0.3,1,5,10,10,10,10,10,10,10,10,10,10,10,10,10,10,10,10,10,10,10,10,10,10,10,10,10,1.2,1.2,1.3,1.3,1.3,1.3,1.3,1.3,1.3,1.3,1.3,1.3,1.3,1.3,1.3,1.3,1.3,1.3,1.3,1.3,1.3,1.3,1.3,1.3,1.3,1.2,19,31,27,24,24,29,25,31,24,24,23,22,22,22,19,20,21,20,20,15,16,16,17,17,17,35,16,29,25,23,26,23,28,22,23,23,22,21,NA,21,18,14,13,14,16,13,10,9,15,15,16,30,36,12,13,15,13,15,15,16,16,16,18,18,NA,19,21,19,18,18,18,26,25,NA,25,25,24,18,11,19,15,13,16,13,18,12,13,13,12,11,NA,11,8,4,3,4,6,3,10,9,15,15,16,30,7.457,7.396,7.465,7.41,7.399,7.451,7.622,7.432,7.369,7.35,7.478,7.443,7.38,7.329,7.406,7.412,7.407,7.365,7.325,7.477,7.483,7.447,7.445,7.455,7.432,7.336,72.1,36.1,160,237,209,60.5,192,148,113,93.8,113,99.9,93.7,102,116,108,89.4,87.8,119,95.2,90.9,70.9,132,102,108,231,30,37.7,25.9,29.9,30.1,23.7,18.6,29.4,36.1,39.4,27.6,30.8,34.3,38.1,31.1,31,31.7,34.6,34.1,23.6,23,25.4,25.5,21.9,22.7,30.2,91,49,98,99,99,87,99,98,97,94,97,96,94,95,97,96,95,94,97,96,95,91,96,96,96,97,22.8,22.3,18.4,18.6,18.2,18.9,19.4,19.3,21.1,21.5,20.2,22.4,20.9,19.9,19.2,19.3,20.9,20.2,18.2,17.2,19.9,19.6,17.2,15.1,17.6,15.7,-2.5,-1.5,-4.7,-5.2,-5.7,-7,-2,-4.2,-4.1,-3.5,-2.8,-2.7,-4.4,-5.4,-4.7,-4.5,-4.3,-6.3,-7.6,-5.7,-5.8,-6.1,-6.1,-8.1,-8.6,-9,3.7,1.8,2.6,5.5,5.2,7.9,4.9,6.8,5.4,5.2,4.8,5.3,5.6,5.9,5.4,6.3,5.6,7.9,6.3,6.6,7.2,7.6,8,7.8,7.3,7.5,20,23,11,15,16,15,20,13,NA,16,12,13,18,18,14,14,13,14,16,13,10,9,11,10,11,25,NA,36.1,231,34.7,5.7,-29,101,120,105,104,102,100,136,107,100,98,98,97,95,97,88,94,94,98,114,101,97,96,106,104,107,104,91,102,98,88,92,78,82,78,78,75,79,75,85,83,83,70,78,90,79,77,77,70,77,88,90,92,75,102,72,62,53,63,71,55,40,38,52,43,51,47,50,45,49,53,44,42,43,38,46,56,50,50,82,87,80,71,68,70,75,65,56,50,61,53,67,59,62,54,59,65,60,57,56,51,55,64,62,62,17,19,29,37,49,37,31,39,41,38,31,34,34,38,34,34,36,42,41,37,36,35,40,39,38,41,15,12,16,25,34,29,25,22,21,20,17,18,22,22,20,20,21,19,21,24,18,21,22,23,20,23,16,15,24,33,41,49,33,30,34,39,25,27,31,31,28,28,30,31,32,30,29,28,29,31,29,32,12,12,9,4,7,8,7,8,9,6,5,6,6,8,8,7,9,9,9,8,9,10,11,11,10,13,NA,NA,4.9,4.4,4.1,4.9,4.6,5.4,4.1,4.6,5,5,4.4,5.5,6.4,7.1,6.1,6.7,6.2,7.1,9.3,8.1,8,8.1,9.4,9.7,NA,NA,4.22,3.79,3.53,4.22,3.97,4.66,3.53,3.97,4.31,4.31,3.79,4.74,5.52,6.12,5.34,5.78,5.34,6.12,7.87,6.98,6.90,6.98,8.10,8.36,37.3,37.3,34.5,39,39,40,40,NA,37.9,NA,37.9,37.8,37.7,37.7,37.5,37.5,37.5,37.5,37.5,36.8,36.7,NA,36.8,36.5,36.5,36.5,630,250,400,220,40,275,400,500,360,200,300,100,35,100,65,55,100,30,60,60,40,16,22,23,50,90,4421,50,50,50,50,NA,50,50,550,180,350,350,100,930,600,100,100,350,100,850,650,150,150,250,110,150,300,6620,2199,0,0,5,5,12,15,15,15,15,15,10,15,15,15,15,15,15,15,20,20,20,20,25,25,25,25,0,0,0.1,0.1,0.24,0.3,0.3,0.3,0.3,0.3,0.2,0.3,0.3,0.3,0.3,0.3,0.3,0.3,0.4,0.4,0.4,0.4,0.5,0.5,0.5,0.5
25,Control,46,1.09,6.09,280,280,3.91,180,180,180,180,180,180,180,180,180,180,180,180,180,180,180,180,180,180,180,180,180,180,180,280,30,30,8,8,8,8,8,8,8,8,8,8,8,8,8,8,8,8,8,8,8,8,8,8,8,30,0.28,1,0.3,0.3,0.3,0.3,0.3,0.3,0.3,0.3,0.3,0.3,0.3,0.3,0.3,0.3,0.3,0.3,0.3,0.3,0.3,0.3,0.3,0.3,0.3,1,5,10,10,10,10,10,10,10,10,10,10,10,10,10,10,10,10,10,10,10,10,10,10,10,10,10,1.2,1.2,1.3,1.3,1.3,1.3,1.3,1.3,1.3,1.3,1.3,1.3,1.3,1.3,1.3,1.3,1.3,1.3,1.3,1.3,1.3,1.3,1.3,1.3,1.3,1.2,16,38,21,18,28,23,22,20,20,19,19,17,17,17,18,19,19,18,18,17,NA,17,17,17,16,26,13,31,19,17,26,22,20,19,19,19,19,17,17,17,17,18,19,18,18,17,NA,17,17,15,16,23,42,13,16,22,6,12,15,16,17,17,18,16,18,18,17,17,15,16,17,18,18,19,22,23,23,25,8,21,9,7,16,12,10,9,9,9,9,7,7,7,7,8,9,8,8,7,NA,7,7,5,6,23,7.403,7.356,7.446,7.417,7.494,7.461,7.482,7.433,7.433,7.428,7.44,7.451,7.443,7.46,7.486,7.477,7.582,7.604,7.548,7.408,7.408,7.588,NA,7.449,7.457,7.34,113,49.5,89.4,99.7,124,92.2,91.6,85.9,171,186,131,139,126,84.4,139,109,117,142,132,133,148,133,NA,93,106,447,40.9,43.7,32.1,38.5,31.2,30.8,28.4,35.4,36.4,38,33.8,36.3,37.1,35.5,32.7,33.1,24.7,23.3,26.5,39.6,40.3,23,NA,36.3,34.6,47.4,97,78,97,97,98,97,97,96,98,99,98,99,98,95,98,97,98,98,97,97,98,98,NA,96,97,100,25,23.1,23.3,24.4,23.8,21.6,21,24.2,23.9,24.6,22.5,24.9,25,25.9,24.4,24.2,23.3,23.2,23,24.5,24.9,22.1,NA,25.6,24,24.9,0.8,-0.9,-1.8,0.4,0.7,-1.7,-2,-0.5,0.1,0.8,-1.1,1.3,1.3,1.4,1.3,0.9,1.3,1.4,0.6,0.4,0.8,0.2,NA,1.1,0.6,-0.1,2.5,3,3.6,1.2,1.3,2.5,2.1,2.6,2.4,1.7,4.8,2.2,2.5,2.4,2.4,2.3,2.4,2.3,3.4,2.8,2.1,3.7,NA,2,2,2.2,38,29,9,11,26,30,26,37,32,36,31,31,19,23,22,22,14,15,16,25,19,15,19,16,13,45,403,49.5,447,28,2.5,-25.5,128,141,130,115,131,140,129,109,89,83,87,81,79,91,83,85,90,98,88,84,81,94,96,91,87,96,107,90,117,100,122,134,96,87,79,84,99,89,85,90,96,80,89,88,92,103,93,96,83,85,97,92,84,52,80,70,93,114,72,80,57,68,89,73,70,71,78,68,58,57,60,73,64,63,47,62,62,62,92,68,93,80,105,123,82,69,67,75,93,80,76,80,85,77,71,69,73,85,76,72,61,72,76,71,27,32,31,26,27,32,21,24,17,19,25,20,22,29,19,18,19,12,10,24,22,24,19,26,24,26,18,21,20,14,15,NA,20,7,10,10,10,9,10,10,8,10,15,4,4,9,10,12,6,10,10,16,23,26,25,20,24,24,17,17,14,15,20,15,16,20,13,14,17,9,8,17,16,11,13,17,21,23,16,13,8,9,8,7,2,2,3,4,5,3,3,3,1,2,0,2,0,2,1,1,2,1,6,14,5.3,5.6,NA,7.1,8.2,8.2,10.9,6.7,5.5,4.1,3.7,4,4.4,5.9,5,4.4,4.5,4.2,3.6,4.3,4.5,4.7,5.3,5.3,5.7,5.6,4.86,5.12,NA,6.51,7.52,7.52,10.00,6.12,5.05,3.76,3.39,3.67,4.04,5.41,4.59,4.04,4.13,3.85,3.30,3.94,4.13,4.31,4.86,4.86,5.23,5.14,38,37.8,NA,39.7,38,38,38,NA,38,37.9,37.9,37.9,37.6,37.5,37.5,37.5,37,36.8,36.8,36.8,36.5,36.4,36.7,36.7,36.7,36.8,320,60,170,120,140,150,210,190,250,150,280,190,200,150,150,150,180,200,240,180,230,190,220,100,60,150,4630,46,46,46,46,46,146,296,342,296,596,196,296,396,296,96,346,296,196,296,346,346,196,296,96,396,296,6192,2690,0,1,1,1,1,0,0,0,0,0,0,0,0,5,5,5,4630,10,NA,5,5,5,8,8,8,8,0,0.02173913,0.02173913,0.02173913,0.02173913,0,0,0,0,0,0,0,0,0.108695652,0.108695652,0.108695652,0,0.217391304,0,0.108695652,0.108695652,0.108695652,0.173913043,0.173913043,0.173913043,0.173913043
26,Control,55,1.23,6,330,330,4,220,220,220,220,220,220,220,220,220,220,220,220,220,220,220,220,220,220,220,220,220,220,220,330,30,30,8,8,8,8,8,8,8,8,8,8,8,8,8,8,8,8,8,8,8,8,8,8,8,30,0.28,1,0.3,0.3,0.3,0.3,0.3,0.3,0.3,0.3,0.3,0.3,0.3,0.3,0.3,0.3,0.3,0.3,0.3,0.3,0.3,0.3,0.3,0.3,0.3,1,5,10,10,10,10,10,10,10,10,10,10,10,10,10,10,10,10,10,10,10,10,10,10,10,10,10,1.2,1.2,1.3,1.3,1.3,1.3,1.3,1.3,1.3,1.3,1.3,1.3,1.3,1.3,1.3,1.3,1.3,1.3,1.3,1.3,1.3,1.3,1.3,1.3,1.3,1.2,17,29,24,21,22,21,21,22,23,23,23,22,22,22,22,22,26,26,27,25,27,26,23,27,30,43,15,26,21,20,18,19,19,19,21,17,22,22,20,21,21,21,24,23,25,23,NA,24,22,24,26,34,40,24,18,26,26,26,NA,25,24,25,25,25,25,26,27,26,21,21,20,21,NA,18,19,18,14,14,10,16,11,10,8,9,9,9,11,7,12,12,10,11,11,11,14,13,15,13,NA,14,12,14,16,34,7.513,7.428,7.519,7.525,7.594,7.489,7.446,7.422,7.457,7.43,NA,7.438,7.445,7.407,NA,7.356,7.344,NA,7.343,7.362,NA,7.377,7.362,7.335,7.331,7.23,130,54.4,299,178,201,173,99.1,97.4,118,141,NA,177,181,159,NA,124,103,NA,98,109,NA,113,102,93.6,113,46.3,30.6,37.7,29.2,26.2,24.1,32.1,33.6,28.7,31.4,33.2,NA,34.6,32.8,34,NA,32.8,32.6,NA,29.9,34.6,NA,29.8,28.3,31,31.7,36,97,79,99,98,99,98,96,95,97,98,NA,99,98,98,NA,96,95,NA,95,96,NA,96,96,94,96,59,24.4,24.7,23.6,21.5,23.4,24.1,24.1,20.3,23.5,21.6,NA,23,22.2,21,NA,19.2,18.6,NA,17.4,20.2,NA,18.9,17.6,17.6,17.8,14.7,1.6,0.6,0.9,-1,1.5,1,-0.7,-5.3,-1.5,-2,NA,-0.7,-1.4,-2.9,NA,-6.6,-7.3,NA,-8.8,-5.3,NA,-7.1,-8.7,-8.6,-8.4,-11.6,1.1,1.1,1.6,1.5,2.5,2.6,3.4,3.9,3.2,3.4,NA,2,1.8,2.6,NA,3.3,4.3,NA,3.9,4.2,NA,4.1,4.8,4.8,5.2,5.1,42,30,11,17,21,19,10,19,21,21,23,23,25,29,33,34,35,36,34,35,33,31,30,31,29,22,464,54.4,46.3,21.8,33.6,11.8,112,96,80,120,121,127,105,129,114,95,98,97,91,101,118,128,133,130,117,123,110,109,110,11,103,107,123,98,109,115,104,102,101,110,106,98,96,94,95,95,97,95,103,98,95,80,64,71,79,91,70,113,110,74,93,99,92,89,68,76,86,71,71,66,55,66,69,60,65,65,51,54,42,37,49,56,40,81,116,84,100,103,95,96,80,87,94,81,81,77,67,72,76,72,79,77,68,63,50,53,60,68,51,96,26,27,28,30,24,24,27,32,26,25,25,25,25,29,38,43,44,45,40,43,45,47,48,50,41,52,15,17,17,11,11,12,13,11,13,15,12,13,14,16,16,20,21,21,21,22,28,24,23,15,15,24,21,27,24,22,19,20,23,25,21,22,2,21,22,25,30,34,35,35,38,37,37,38,35,34,32,41,5,9,3,4,5,4,1,1,2,0,1,0,4,1,2,2,2,6,4,5,6,7,7,1,1,15,4.8,4.9,4.1,3.8,4.6,5.4,6.2,5.7,6.1,5.7,5.3,4.7,5.3,5.3,6.1,8.3,9.1,8.4,8.2,7.2,6.6,6.6,8.1,9,6.8,6.6,3.90,3.98,3.33,3.09,3.74,4.39,5.04,4.63,4.96,4.63,4.31,3.82,4.31,4.31,4.96,6.75,7.40,6.83,6.67,5.85,5.37,5.37,6.59,7.32,5.53,5.37,37.4,37.2,38.4,38.4,38.4,38.4,38.6,38.6,38.7,38.7,38.7,38.6,38.4,38.5,38.4,38.5,38.5,38.6,38.7,38.7,38.7,38.7,38.4,38.1,38.2,38.1,300,300,310,500,250,200,140,35,65,600,340,25,65,30,70,25,37,NA,30,30,15,38,25,31,60,NA,3521,55,55,555,555,355,555,55,555,305,305,55,55,305,305,862,612,362,362,112,112,862,362,112,112,112,112,8164,4643,0,1,5,1,0,0,0,0,0,0,5,5,10,10,15,20,20,20,17,17,20,25,25,25,25,25,0,0.090909091,0.090909091,0.01818182,0,0,0,0,0,0,0.090909091,0.090909091,0.181818182,0.181818182,0.272727273,0.363636364,0.363636364,0.363636364,0.309090909,0.309090909,0.363636364,0.454545455,0.454545455,0.454545455,0.454545455,0.454545455
27,Control,55,1.23,6,330,330,4,220,220,220,220,220,220,220,220,220,220,220,220,220,220,220,220,220,220,220,220,220,220,220,330,35,35,8,8,8,8,8,8,8,8,8,8,8,8,8,8,8,8,8,8,8,8,8,8,8,30,0.28,1,0.3,0.3,0.3,0.3,0.3,0.3,0.3,0.3,0.3,0.3,0.3,0.3,0.3,0.3,0.3,0.3,0.3,0.3,0.3,0.3,0.3,0.3,0.3,1,5,10,10,10,10,10,10,10,10,10,10,10,10,10,10,10,10,10,10,10,10,10,10,10,10,10,1.2,1.2,1.3,1.3,1.3,1.3,1.3,1.3,1.3,1.3,1.3,1.3,1.3,1.3,1.3,1.3,1.3,1.3,1.3,1.3,1.3,1.3,1.3,1.3,1.3,1.2,22,33,25,28,28,27,27,25,25,25,24,25,26,23,26,25,24,24,24,24,24,25,NA,NA,29,34,29,24,27,26,26,26,24,24,24,24,24,24,25,25,25,24,24,23,23,23,24,24,NA,NA,24,31,27,20,20,13,14,15,14,15,15,17,16,16,15,16,15,17,17,17,18,17,18,16,NA,NA,16,14,24,14,17,16,16,16,14,14,14,14,14,14,15,15,15,14,14,13,13,13,14,14,NA,NA,14,31,7.425,7.424,7.548,7.501,7.494,7.491,NA,7.463,7.471,NA,7.406,7.403,7.369,7.387,7.4,7.44,7.463,7.428,7.436,7.448,7.466,NA,NA,NA,7.392,7.21,77.8,96.3,150,120,122,133,NA,137,124,NA,98.4,96.5,97.3,93.1,104,90,83,88,97.8,104,106,NA,NA,NA,102,58,41.2,36.5,24.5,30.1,32,33.9,NA,40,38.1,NA,39.1,36,30.2,40.6,40.5,33.9,30.1,31,30.1,27.8,26.1,NA,NA,NA,30.9,48.3,91,95,98,97,98,98,NA,97,97,NA,95,95,95,94,96,95,94,94,96,96,96,NA,96,NA,76,NA,26.5,24.3,21.3,23.3,24.4,25.6,NA,28.3,27.4,NA,24.4,22.8,18.4,24.1,24.7,23.8,23,21.6,21.6,21,20.9,NA,NA,NA,19.8,17.5,2.5,-0.4,-0.9,0.4,1.3,2.4,NA,4.5,3.9,NA,0,-2,-7.2,-0.4,0.3,-1,-1.9,-3.5,-3.6,-4.4,-4.5,NA,NA,NA,-5.6,-7.9,0.6,2.3,4,4.7,3.6,3,NA,1.8,1.5,NA,2.7,2.8,2.5,3.8,3.9,4.6,4.9,6.2,6.2,7,6.9,NA,NA,NA,7.2,6.3,42,33,21,20,19,21,19,23,23,27,30,33,36,35,33,25,27,27,25,23,28,27,NA,NA,28,NA,278,96.3,58,13.8,22.8,9,100,87,114,107,103,80,85,109,108,112,116,111,113,118,109,114,107,112,109,96,93,90,NA,NA,93,NA,120,99,104,89,80,98,99,95,99,95,99,87,93,87,81,77,92,94,104,98,96,88,NA,NA,90,NA,103,100,69,81,63,47,68,69,69,66,65,47,53,45,47,38,46,43,45,51,51,38,NA,NA,44,NA,115,105,76,90,71,58,60,79,79,78,77,62,69,62,61,54,62,63,65,67,64,54,NA,NA,55,NA,25,29,29,21,21,28,26,29,31,31,34,37,39,37,35,36,37,37,41,37,36,33,NA,NA,36,NA,14,15,20,14,5,5,3,3,3,3,3,4,4,4,6,6,14,17,18,17,16,14,NA,NA,16,NA,19,20,24,18,14,14,15,14,14,15,16,18,20,18,17,18,25,26,27,26,25,23,NA,NA,26,NA,10,11,11,11,11,13,12,11,11,11,11,12,11,11,12,11,15,13,13,15,13,12,NA,NA,14,NA,6.5,5.7,NA,NA,NA,5.6,5.1,5.6,NA,6.5,7.2,7.5,7.8,7.5,6.8,6.6,9.2,14.1,11.6,8.2,9.1,8.8,NA,NA,8.4,NA,5.28,4.63,NA,NA,NA,4.55,4.15,4.55,NA,5.28,5.85,6.10,6.34,6.10,5.53,5.37,7.89,11.46,9.43,6.67,7.40,7.15,NA,NA,6.83,NA,36.1,36.1,NA,38.2,38.5,38,38.5,38.5,38.4,38.6,38.5,38.6,38.6,38.7,38.5,38.7,38.2,38.2,38.2,38.3,38.2,38.2,NA,NA,38.2,NA,450,100,NA,600,600,340,33,60,250,22,27,20,15,25,15,12,25,10,25,22,30,15,NA,NA,10,NA,2706,55,555,NA,555,55,318,308,58,308,58,308,58,308,558,308,58,308,308,366,116,116,216,216,116,216,116,5962,3256,0,5,5,0,0,0,0,0,2,5,10,15,20,20,21,25,25,25,25,25,25,25,NA,NA,25,25,0,0.090909091,0.090909091,0,0,0,0,0,0,0,0.090909091,0.090909091,0.181818182,0.181818182,0.272727273,0.363636364,0.363636364,0.363636364,0.309090909,0.309090909,0.363636364,0.454545455,0.454545455,0.454545455,0.454545455,0.454545455
35,Control,55,1.23,6,330,330,4,220,220,220,220,220,220,220,220,220,220,220,220,220,220,220,220,220,220,220,220,220,220,220,330,30,30,8,8,8,8,8,8,8,8,8,8,8,8,8,8,8,8,8,8,8,8,8,8,8,30,0.28,1,0.3,0.3,0.3,0.3,0.3,0.3,0.3,0.3,0.3,0.3,0.3,0.3,0.3,0.3,0.3,0.3,0.3,0.3,0.3,0.3,0.3,0.3,0.3,1,5,10,10,10,10,10,10,10,10,10,10,10,10,10,10,10,10,10,10,10,10,10,10,10,10,10,1.2,1.2,1.3,1.3,1.3,1.3,1.3,1.3,1.3,1.3,1.3,1.3,1.3,1.3,1.3,1.3,1.3,1.3,1.3,1.3,1.3,1.3,1.3,1.3,1.3,1.2,20,31,27,23,24,23,23,24,24,22,23,24,24,25,25,25,26,25,25,25,34,31,30,28,27,31,17,27,24,22,22,21,22,22,21,21,22,23,23,24,24,23,25,25,24,23,23,30,29,23,24,26,28,22,18,21,19,20,19,19,20,21,20,20,20,19,19,19,17,18,19,16,13,15,16,17,16,21,7,17,14,12,12,11,12,12,11,11,12,13,13,14,14,13,15,15,14,13,13,20,19,13,14,16,7.429,7.368,7.462,7.53,7.494,7.505,NA,7.429,7.437,7.424,7.418,7.391,7.37,7.358,7.351,7.391,NA,7.299,7.289,7.289,NA,7.281,NA,7.234,7.193,7.119,60.8,49,137,186,184,146,NA,99.4,95.8,101,121,115,111,107,101,116,NA,110,113,115,NA,113,NA,112,101,247,36.7,38.8,29.9,23.9,27.5,29.7,NA,35.3,32.4,32.2,33.8,34.3,36.6,37.7,38.5,33.7,NA,34.6,34.6,33.7,NA,34.9,NA,32.4,33.2,43.7,96,97,97,98,99,98,NA,96,96,96,97,97,97,96,95,96,NA,95,95,96,NA,96,NA,94,93,97,24.5,21.8,21.1,19.9,21,23.3,NA,24,23,22.1,21.4,21.4,21.3,21.2,21.2,21.3,NA,17.4,17,16.8,NA,16.8,NA,14.3,13.2,13.6,0.1,-2.7,-2.2,-2.5,-1.9,0.4,NA,-0.8,-2.1,-3,-2.4,-3.7,-3.8,-3.9,-3.9,-4,NA,-8.7,-9.2,-9.7,NA,-9.5,NA,-12.8,-14.3,-14,1.1,1.7,2.2,2.1,1.8,2.5,NA,2,2.3,2,2.2,2.4,2.9,2.6,2.2,2.3,NA,4.1,4.5,4.8,NA,5.2,NA,5,5.9,7.1,37,32,23,25,26,28,32,38,32,32,34,36,40,39,40,36,35,38,38,38,35,34,34,37,37,41,217,49,247,25.5,5.1,-20.4,99,108,78,74,96,116,11,129,124,118,109,113,102,109,117,108,105,104,101,97,92,86,84,85,90,93,96,126,143,123,111,85,90,112,116,110,90,101,90,83,88,86,84,84,93,103,95,90,90,87,89,88,83,101,115,103,94,59,61,78,84,70,45,47,43,41,44,44,39,38,41,43,40,38,39,35,33,33,90,112,127,110,102,71,72,93,96,86,65,68,60,59,62,67,57,56,60,63,58,54,53,52,51,52,24,33,26,23,25,29,35,36,36,35,30,33,31,33,35,29,32,33,35,39,41,42,39,40,40,48,15,14,14,12,12,12,13,14,17,18,17,12,12,9,7,9,14,13,16,16,13,14,15,17,14,19,18,29,19,21,24,29,26,28,26,28,23,25,22,23,23,22,24,27,29,28,29,29,29,29,26,29,16,20,4,4,4,3,6,6,6,8,8,7,7,6,6,7,8,9,10,9,10,10,10,11,9,14,NA,NA,NA,4.8,3.9,4.5,6.2,6.9,7.2,8.8,9.4,10.5,9.2,9.6,9.4,9.6,10.4,10.1,11.1,9.6,9.2,8.4,8.6,9,9.9,10.8,NA,NA,NA,3.90,3.17,3.66,5.04,5.61,5.85,7.15,7.64,8.54,7.48,7.80,7.64,7.80,8.46,8.21,9.02,7.80,7.48,6.83,7.00,7.32,8.05,8.78,38,37.6,39,39,39,39,38.5,39,39,39,39,38.6,38.6,38.6,38.6,38.6,38.5,38.5,38.5,38.7,38.6,38.4,38.5,38.6,39,39,380,90,330,500,400,150,200,150,150,60,100,50,60,45,25,25,30,15,25,50,40,27,20,30,85,60,3097,55,55,55,55,555,255,55,55,355,305,305,305,405,305,155,55,305,305,155,255,55,255,305,355,55,55,5430,2333,0,1,1,0,0,0,0,3,0,0,3,4,10,15,15,35,35,40,40,40,40,40,40,35,30,30,0,0.018181818,0.018181818,0,0,0,0,0.054545455,0,0,0.054545455,0.072727273,0.181818182,0.272727273,0.272727273,0.636363636,0.636363636,0.727272727,0.727272727,0.727272727,0.727272727,0.727272727,0.727272727,0.636363636,0.545454545,0.545454545
36,Control,54,1.22,6.11,330,330,4.07,220,220,220,220,220,220,220,220,220,220,220,220,220,220,220,220,220,220,220,220,220,220,220,330,30,30,8,8,8,8,8,8,8,8,8,8,8,8,8,8,8,8,8,8,8,8,8,8,8,30,0.28,1,0.3,0.3,0.3,0.3,0.3,0.3,0.3,0.3,0.3,0.3,0.3,0.3,0.3,0.3,0.3,0.3,0.3,0.3,0.3,0.3,0.3,0.3,0.3,1,5,10,10,10,10,10,10,10,10,10,10,10,10,10,10,10,10,10,10,10,10,10,10,10,10,10,1.2,1.2,1.3,1.3,1.3,1.3,1.3,1.3,1.3,1.3,1.3,1.3,1.3,1.3,1.3,1.3,1.3,1.3,1.3,1.3,1.3,1.3,1.3,1.3,1.3,1.2,20,27,21,18,18,19,18,19,20,20,20,20,20,22,22,21,22,24,21,22,21,23,23,23,25,28,26,18,17,18,18,18,18,18,20,20,20,19,19,21,21,21,21,22,21,21,20,20,20,22,22,27,50,24,33,33,29,29,27,32,25,24,24,25,22,21,21,22,19,18,20,20,19,21,20,21,19,19,16,8,7,8,8,8,8,8,10,10,10,9,9,11,11,11,11,12,11,11,10,10,10,12,12,17,7.394,7.385,7.465,7.47,7.496,7.493,7.427,7.462,7.436,7.485,NA,7.491,7.42,7.394,7.402,7.375,7.384,NA,7.379,NA,NA,7.406,7.408,7.396,7.339,NA,120,85.8,392,113,140,155,73.7,85.2,77.7,119,NA,137,97.7,93.8,111,109,107,NA,114,NA,NA,122,123,109,102,262,42.6,37.9,30.3,33,32.9,33.2,38.3,28.2,35,30.9,NA,29.6,34.3,35.5,36.1,37.9,36.1,NA,36.1,NA,NA,33.6,31.8,34.1,37,37.3,96,92,100,97,98,98,90,95,92,97,NA,98,96,95,96,96,96,NA,97,NA,NA,96,97,96,95,99,25.4,22.7,21.5,25.2,25.1,25.2,25.2,21.8,24.1,24.7,NA,22.4,23,22.2,22.8,22.2,21.9,NA,21.7,NA,NA,21.8,21.1,21.6,20,21.2,1.2,-2.1,-1.7,0.5,2.1,2.1,0.9,-3.3,-0.5,-0.1,NA,-0.6,-2,-2.9,-2.1,-2.8,-3.2,NA,-3.4,NA,NA,-3.3,-4.2,-3.6,-5.4,-3.2,1,1.5,2.1,1.2,0.9,0.8,1,1.4,2.1,1.8,NA,1.5,1.4,1.3,1.3,1.5,1.2,NA,1.4,NA,NA,0.8,0.8,0.9,0.7,0.7,39,28,15,19,13,14,10,10,13,11,14,14,24,20,30,34,30,25,21,26,30,31,30,31,34,35,428,85.8,262,13.7,4.5,-9.2,75,100,108,107,110,115,133,116,138,118,107,121,111,108,107,107,101,99,97,93,90,86,86,94,85,NA,140,131,108,130,137,130,112,96,114,103,96,109,106,101,102,90,90,96,102,92,93,84,87,91,91,NA,105,95,87,104,96,107,88,67,68,70,72,67,64,61,61,49,47,56,68,56,63,56,55,59,57,NA,128,117,101,116,119,113,98,73,87,84,81,82,79,75,77,64,64,71,81,70,74,68,66,74,68,NA,23,29,NA,27,27,24,27,25,27,24,23,30,29,27,27,27,24,25,26,26,25,25,25,29,28,NA,14,12,17,16,15,14,14,13,13,15,14,14,17,16,16,17,18,18,19,16,17,18,19,20,17,NA,19,19,NA,22,21,21,21,22,21,20,19,22,23,22,21,21,22,21,23,21,22,22,23,23,23,NA,12,12,8,7,6,6,7,10,7,7,6,6,7,7,6,7,7,7,8,7,7,10,9,9,8,NA,NA,NA,NA,4.8,4.5,4.3,5.3,7.2,7.6,6.7,6.8,9.1,11.3,8.9,8,7.7,8.8,7.8,8.3,7.9,7.8,6.7,7.5,8.8,8.7,NA,NA,NA,NA,3.93,3.69,3.52,4.34,5.90,6.23,5.49,0.49,7.46,9.26,7.30,6.56,6.31,7.21,6.39,6.80,6.48,6.39,5.49,6.15,7.21,7.13,NA,36.7,37.2,39,39,39,39,39,39,39,38.4,38.6,38.6,38.5,38.6,38.6,38.6,38.5,38.6,38.6,38.4,38.6,38.6,38.6,38.6,38.6,NA,40,25,200,90,55,55,70,100,60,60,75,70,30,75,35,55,40,30,35,20,25,20,35,100,75,NA,1475,55,55,555,55,305,55,255,305,55,55,55,55,55,55,255,55,305,55,55,55,305,55,55,55,55,55,3330,1855,0,1,0,0,0,0,0,0,0,0,0,0,0,0,0,0,0,0,0,0,0,1,1,1,1,5,0,0.018518519,0,0,0,0,0,0,0,0,0,0,0,0,0,0,0,0,0,0,0,0.018518519,0.018518519,0.018518519,0.018518519,0.092592593
28,Intervention,55,1.23,6,330,330,4,220,220,220,220,220,220,220,220,220,220,220,220,220,220,220,220,220,220,220,220,220,220,220,330,30,30,8,8,8,8,8,8,8,8,8,8,8,8,8,8,8,8,8,8,8,8,8,8,8,35,0.28,1,0.3,0.3,0.3,0.3,0.3,0.3,0.3,0.3,0.3,0.3,0.3,0.3,0.3,0.3,0.3,0.3,0.3,0.3,0.3,0.3,0.3,0.3,0.3,1,5,10,10,10,10,10,10,10,10,10,10,10,10,10,10,10,10,10,10,10,10,10,10,10,10,10,1.2,1.2,1.3,1.3,1.3,1.3,1.3,1.3,1.3,1.3,1.3,1.3,1.3,1.3,1.3,1.3,1.3,1.3,1.3,1.3,1.3,1.3,1.3,1.3,1.3,1.2,20,30,21,21,27,26,24,22,25,24,24,23,23,24,24,24,NA,25,26,25,26,26,25,26,27,36,16,26,19,19,25,23,22,22,24,23,23,22,22,22,23,23,NA,23,23,23,23,23,23,24,25,27,33,23,17,22,18,19,21,22,20,22,22,24,24,23,24,24,NA,25,20,21,21,20,19,19,18,17,11,16,9,19,15,13,12,12,14,13,13,12,12,12,13,13,NA,13,13,13,13,13,13,14,15,27,7.373,7.305,7.535,7.506,7.51,7.449,7.506,7.472,7.487,7.455,7.43,7.445,7.428,7.488,7.433,7.45,NA,7.47,7.415,7.401,7.379,7.352,7.46,NA,7.446,7.317,122,98,98.6,165,138,82.2,87,85.1,94.6,93.8,82.9,91.5,84.5,96.1,91.8,97.2,NA,90.6,93.2,94.5,97.3,84.7,78.4,NA,89.5,37.4,40.5,44.4,24,24.8,25.3,30.1,27.5,27.1,30.9,30.3,32.7,29.5,33.6,28.6,31.4,26.2,NA,26.4,29.8,30.3,34.5,34.8,24.7,NA,26.8,35.1,96,97,97,98,98,94,96,95,96,95,94,95,93,96,95,95,NA,96,95,95,95,93,94,NA,96,50,23.2,21,23.4,19.5,20.1,22.4,23.9,21.8,23.1,22.7,22.6,21.7,23,23.4,31.4,20.1,NA,21.2,20.4,20,20.9,19.7,19.8,NA,20.4,17.7,-1.5,-3.9,-2.1,-3.2,-2.6,-2.8,-1.2,-3.5,-1.8,-2.3,-2.4,-3.4,-1.9,-1.4,-2.9,-5.3,NA,-4.1,-5,-5.5,-4.4,-5.8,-5.8,NA,-5.2,-6.65,0.3,0.4,1.4,1,1,1.7,1.3,1.2,1.5,1.3,1.4,1.2,1.3,1.4,1.5,1.6,NA,2.2,2,2.2,2,2.3,2.1,NA,2.7,3.1,38,31,12,13,16,23,16,15,20,19,23,22,23,22,21,19,NA,17,23,26,26,30,24,22,22,21,122,98,37.4,12.8,37.8,25,90,103,114,95,86,137,114,100,99,88,95,87,98,95,100,114,NA,102,92,90,99,104,89,84,NA,103,134,158,150,128,128,152,145,121,111,101,106,106,104,96,98,108,NA,86,97,95,99,94,102,93,NA,95,114,131,123,110,108,123,114,87,69,54,59,55,59,54,52,52,NA,41,43,41,42,41,53,44,NA,31,124,143,157,115,116,132,126,102,89,72,77,72,77,72,69,70,NA,60,62,60,62,63,71,60,NA,52,17,31,28,27,26,30,26,27,25,23,25,26,26,26,26,28,NA,28,29,30,33,36,39,37,NA,29,14,23,20,20,16,14,12,13,12,12,13,14,15,18,13,16,NA,14,16,18,19,21,25,21,NA,17,12,15,26,23,23,20,23,19,19,19,21,22,23,20,20,24,NA,21,24,25,27,29,32,29,NA,22,10,13,5,3,4,6,4,6,5,5,6,6,7,8,7,9,NA,10,11,11,11,12,16,13,NA,16,NA,NA,4.6,5.5,4.2,6.9,6,6.5,6.7,5.9,7.8,7.8,9.6,8.5,5.4,9.9,NA,10.6,9.8,9.2,10,11,9.3,9.7,NA,10,NA,NA,3.74,4.47,3.41,5.61,4.88,5.28,5.45,4.80,6.34,6.34,7.80,6.91,4.39,8.05,NA,8.62,7.97,7.48,8.13,8.94,NA,7.89,NA,8.13,37.3,36.4,37.6,38,38,38,38.5,38.5,38.5,38.5,38.3,38.4,38.3,38.5,38.7,38.5,NA,38.5,38.5,38.5,38.6,38.7,38.5,38.5,NA,38.6,900,350,500,500,500,75,150,200,100,65,70,30,30,100,60,30,NA,35,16,20,10,10,11,24,NA,30,3816,56,56,1056,56,556,306,56,56,56,556,306,362,112,112,362,362,NA,362,362,362,362,362,412,112,112,112,6984,3168,0,1,0,0,0,0,0,0,0,1,1,1,1,1,1,1,NA,5,5,5,5,7,7,7,7,15,0,0.018181818,0.018181818,0.018181818,0,0,0,0,0,0.018181818,0.018181818,0.018181818,0.018181818,0.018181818,0.018181818,0.018181818,0.018181818,0.090909091,0.090909091,0.090909091,0.090909091,0.127272727,0.127272727,0.127272727,0.127272727,0.272727273
29,Intervention,54,1.22,6.11,330,330,4.07,220,220,220,220,220,220,220,220,220,220,220,220,220,220,220,220,220,220,220,220,220,220,220,330,30,30,8,8,8,8,8,8,8,8,8,8,8,8,8,8,8,8,8,8,8,8,8,8,8,30,0.28,1,0.3,0.3,0.3,0.3,0.3,0.3,0.3,0.3,0.3,0.3,0.3,0.3,0.3,0.3,0.3,0.3,0.3,0.3,0.3,0.3,0.3,0.3,0.3,1,5,10,10,10,10,10,10,10,10,10,10,10,10,10,10,10,10,10,10,10,10,10,10,10,10,10,1.2,1.2,1.3,1.3,1.3,1.3,1.3,1.3,1.3,1.3,1.3,1.3,1.3,1.3,1.3,1.3,1.3,1.3,1.3,1.3,1.3,1.3,1.3,1.3,1.3,1.2,34,41,29,26,28,28,26,24,24,24,23,25,24,24,24,25,25,28,28,26,27,26,29,29,27,44,19,34,28,25,23,22,24,23,23,23,22,23,25,25,23,23,NA,26,26,25,26,24,27,27,24,26,26,14,12,14,22,13,13,15,15,14,14,14,14,14,14,14,NA,12,12,13,13,13,11,11,14,20,14,24,18,15,13,12,14,13,13,13,12,13,15,15,13,13,NA,16,16,15,16,14,17,17,14,26,7.324,7.295,7.542,7.459,7.5,7.384,7.404,7.394,7.405,7.398,7.35,7.412,7.409,7.418,7.43,7.399,7.38,7.379,7.349,7.355,7.435,7.4,NA,NA,7.396,7.147,78.2,53,264,105,158,84.4,78.3,111,125,146,109,104,124,153,149,120,123,139,118,124,147,105,NA,NA,113,83.6,47.4,49.2,24.6,30.4,28.4,36.3,35.2,33.5,34,34.9,39.2,32.6,33.2,32.1,28.1,31.7,35.3,34.5,37.9,36.8,28.6,28.8,NA,NA,30.6,53.7,94,91,99,97,98,94,92,97,96,97,96,96,96,97,98,97,97,98,97,97,99,96,NA,NA,96,87,23.9,22,21.1,23,21.9,22,22.4,21.2,22,21,21.4,21.7,20.6,20.3,18.4,19.2,21.3,19.9,20.9,20.7,18.9,19.4,NA,NA,20.1,15.9,-1.2,-2.4,-1.2,-2.1,-0.9,-3,-2.5,-4,-3,-3,-3.6,-3.5,-3.3,-3.4,-5.2,-4.8,-3.8,-4.4,-4.3,-4.6,-4.6,-6.4,NA,NA,-5.5,-6.4,1,1.2,2.2,1.9,2,1.6,2,2.2,1.7,1.3,1.6,1.5,1.4,1.1,1.2,1.3,1.1,1.2,1.7,1.6,1.5,2,NA,NA,2.3,3.4,43,35,12,14,16,22,21,20,20,23,24,18,24,24,24,24,28,32,30,32,32,27,26,26,25,29,436,53,83.6,27.8,18.4,-9.4,80,94,84,110,108,120,130,101,96,91,96,98,88,81,74,76,80,89,83,82,82,84,94,89,89,122,126,139,120,118,131,125,142,97,95,111,119,106,98,102,90,96,116,98,94,90,96,78,85,88,88,79,107,116,95,97,107,100,109,63,61,81,85,69,61,69,50,55,84,60,54,53,59,44,45,48,48,43,117,126,106,100,116,110,119,76,75,95,100,83,76,83,65,70,96,94,69,67,76,55,60,60,60,57,NA,38,29,33,30,33,39,30,28,27,31,31,26,27,25,25,16,14,16,15,19,35,41,42,42,41,20,13,18,19,20,14,18,15,15,15,16,17,16,21,20,18,11,10,10,11,13,25,23,28,28,33,NA,29,21,25,25,27,30,24,22,22,25,24,23,25,23,23,14,13,14,14,17,31,37,34,34,38,11,10,4,5,6,5,7,6,5,7,7,8,7,8,8,9,9,9,10,11,15,11,12,13,13,15,NA,NA,4,4.9,4.1,5.7,6.2,7.9,NA,7.3,7.9,13,6.8,6.8,5.5,7.1,7.5,7,7.3,7.4,6.7,5.3,6.7,6.9,NA,6.2,NA,NA,3.28,4.02,3.36,4.67,5.08,6.48,NA,5.98,6.48,10.66,5.57,5.57,4.51,5.82,6.15,5.74,5.98,6.07,5.49,4.34,5.49,5.66,NA,NA,37.8,36.9,38.5,38.4,38.6,38.6,38.5,38.5,38.5,38.4,38.3,38.6,38.5,38.5,38.5,38.5,38.5,38.6,38.6,38.7,38.5,38.5,38.5,38.5,38.6,37.6,170,100,500,100,200,30,30,45,34,35,25,25,100,20,250,70,100,100,90,35,21,36,35,53,NA,10,2214,54,54,554,304,304,354,354,304,304,368,108,108,268,108,108,108,108,108,368,268,268,108,108,108,108,108,5552,3218,0,1,0,0,0,0,0,0,1,1,1,1,1,1,1,1,5,5,7,7,7,7,10,20,20,20,0,0.018518519,0.018518519,0.018518519,0.018518519,0,0,0,0.018518519,0.018518519,0.018518519,0.018518519,0.018518519,0.018518519,0.018518519,0.018518519,0.092592593,0.092592593,0.12962963,0.12962963,0.12962963,0.12962963,0.185185185,0.37037037,0.37037037,0.37037037
30,Intervention,50,1.16,6,300,300,4,200,200,200,200,200,200,200,200,200,200,200,200,200,200,200,200,200,200,200,200,200,200,200,300,30,30,8,8,8,8,8,8,8,8,8,8,8,8,8,8,8,8,8,8,8,8,8,8,8,30,0.28,1,0.3,0.3,0.3,0.3,0.3,0.3,0.3,0.3,0.3,0.3,0.3,0.3,0.3,0.3,0.3,0.3,0.3,0.3,0.3,0.3,0.3,0.3,0.3,1,5,10,10,10,10,10,10,10,10,10,10,10,10,10,10,10,10,10,10,10,10,10,10,10,10,10,1.2,1.2,1.3,1.3,1.3,1.3,1.3,1.3,1.3,1.3,1.3,1.3,1.3,1.3,1.3,1.3,1.3,1.3,1.3,1.3,1.3,1.3,1.3,1.3,1.3,1.2,19,32,24,23,26,24,24,25,26,25,25,24,24,25,24,24,24,25,25,25,26,26,27,25,26,46,16,28,23,21,24,23,23,24,24,23,23,22,23,24,23,22,23,24,24,23,23,25,24,23,24,42,39,21,19,17,18,20,20,19,17,19,19,21,18,18,19,18,20,19,19,17,16,16,15,15,14,10,11,18,13,11,14,13,13,14,14,13,13,12,13,14,13,12,13,14,14,13,13,15,14,13,14,42,7.382,7.388,7.49,7.474,7.422,7.416,7.453,7.478,7.47,7.453,7.456,7.443,7.441,7.447,NA,7.441,NA,7.416,7.397,7.427,7.395,7.342,7.336,7.347,7.31,7.123,87.6,44.2,162,172,112,92.5,84.8,109,114,98.5,113,112,115,103,NA,122,NA,104,84.3,91.9,85.4,89.5,116,130,116,48,35.5,38.1,25.7,28.8,28.5,31.2,30.7,28,31.2,30.3,31.1,32.3,34,32.4,NA,30.5,NA,32.7,34.6,31.1,31.7,31.1,31.5,31,30.5,47.9,93,62,98,98,96,94,93,96,96,95,96,96,96,96,NA,96,NA,96,93,94,93,93,96,96,95,55,21.6,22.4,19.4,20.9,18.2,21.2,22.9,20.5,22.4,22.6,23.2,23.1,22.8,23.4,NA,20.4,NA,22,21.8,21.8,20.5,17.8,17.8,18.1,16.5,13.3,-3.6,-1.8,-3.5,-2.2,-5.4,-4.1,-2.1,-2.5,-0.8,-2.5,-1.7,-1.7,-0.8,-1.5,NA,-3,NA,-3.2,-3.3,-3.5,-5,-8.2,-8.3,-8,-10.1,-12.6,3.9,2.9,3.9,3.7,6.2,4.1,2.9,4.1,2.1,3.1,2.3,2.4,1.7,1.9,NA,4.2,NA,2.2,2.2,2.8,2.1,4.4,3,4.1,4.7,6.4,29,30,16,18,17,28,23,16,17,22,28,30,30,30,30,30,33,27,29,22,25,25,22,23,NA,NA,313,44.2,48,28.4,33.7,5.3,85,103,113,117,114,110,133,128,121,111,107,102,100,105,102,101,109,102,99,95,96,95,135,124,149,169,168,95,129,128,110,112,122,116,106,109,100,96,109,108,106,105,108,104,105,116,108,98,103,99,90,85,78,79,101,104,79,74,79,71,60,64,53,43,57,59,56,57,64,61,57,56,51,38,38,42,32,31,149,85,114,120,91,90,95,87,78,79,76,66,74,72,71,72,82,78,71,72,65,55,60,56,44,38,29,38,28,33,32,31,31,23,19,17,18,16,16,13,13,15,16,15,15,16,17,16,16,15,19,19,18,22,23,27,12,13,7,14,13,11,8,10,7,5,8,9,7,8,8,11,12,10,6,7,10,14,22,29,25,30,24,23,24,23,16,14,12,12,12,11,10,11,13,12,13,14,13,12,13,13,15,14,14,14,12,9,9,11,11,10,10,10,10,10,11,11,11,11,NA,11,12,13,12,NA,12,11,10,11,NA,NA,5.4,5.7,6.1,6.4,8.5,6.6,6.6,7.1,6.4,6.7,6.7,8,6.4,7.6,8.3,8.3,7.8,6.5,9.4,8.9,8.8,9.5,10.7,9.3,NA,NA,4.66,4.91,5.26,NA,7.33,5.69,5.69,6.12,5.52,5.78,5.78,6.90,5.52,6.55,7.16,7.16,6.72,5.60,8.10,7.67,7.59,8.19,9.22,8.02,37.9,37.6,37.9,38,38.5,38.5,38.4,38.5,38.4,38.5,38.5,38.6,38.6,38.7,38.7,38.7,38.7,38.7,38.7,38.7,38.7,38.7,38,38,38,38,150,25,500,200,110,140,100,45,30,25,18,40,40,50,25,17,30,25,35,35,40,15,10,9,4,5,1723,50,50,550,50,1550,50,50,300,450,550,550,50,50,50,300,300,200,100,250,200,350,100,400,200,100,100,6950,5327,0,1,0,0,0,0,0,0,0,0,0,0,5,5,5,5,8,8,10,12,12,14,25,25,25,20,0,0.02,0,0,0,0,0,0,0,0,0,0,0.1,0.1,0.1,0.1,0.16,0.16,0.2,0.24,0.24,0.28,0.5,0.5,0.5,0.4
31,Intervention,48,1.13,6.25,300,300,4.17,200,200,200,200,200,200,200,200,200,200,200,200,200,200,200,200,200,200,200,200,200,200,200,300,30,30,8,8,8,8,8,8,8,8,8,8,8,8,8,8,8,8,8,8,8,8,8,8,8,30,0.28,1,0.3,0.3,0.3,0.3,0.3,0.3,0.3,0.3,0.3,0.3,0.3,0.3,0.3,0.3,0.3,0.3,0.3,0.3,0.3,0.3,0.3,0.3,0.3,1,5,10,10,10,10,10,10,10,10,10,10,10,10,10,10,10,10,10,10,10,10,10,10,10,10,10,1.2,1.2,1.3,1.3,1.3,1.3,1.3,1.3,1.3,1.3,1.3,1.3,1.3,1.3,1.3,1.3,1.3,1.3,1.3,1.3,1.3,1.3,1.3,1.3,1.3,1.2,17,25,19,18,26,22,21,20,20,20,20,20,20,20,20,20,21,18,20,18,19,19,17,17,19,46,12,22,18,17,25,21,20,19,19,19,20,19,19,19,18,20,20,18,19,17,18,18,16,17,18,36,48,28,28,31,14,14,21,25,23,26,24,26,26,25,26,26,23,27,23,27,28,28,28,29,27,12,7,12,8,7,15,11,10,9,9,9,10,9,9,9,8,10,10,8,9,7,8,8,6,7,8,36,7.386,7.31,7.489,7.431,7.44,7.415,7.451,7.389,7.383,7.417,7.356,7.354,7.313,NA,NA,7.347,7.394,7.442,7.443,7.415,7.378,7.431,7.417,7.419,7.421,7.361,137,50.8,136,87.6,89.3,97.2,103,100,100,161,124,113,135,NA,NA,164,157,164,166,147,110,105,106,104,102,128,40.2,47,32,30,30.1,32.1,24.5,31.4,35.4,33.5,39.1,39.9,40.4,NA,NA,42.9,38.3,31.7,32.2,33.6,35.4,32.2,30.7,30.9,29.8,34.1,97,69,98,94,94,95,97,95,95,98,96,96,97,NA,NA,98,98,98,98,98,95,95,95,95,95,95,23.8,21.7,21.4,21.4,21.9,21.6,19.2,19.9,21.5,21.1,21.7,21.9,20,NA,NA,22.9,22.9,21.3,21.2,21.1,21.3,22.5,21.1,21.3,20.9,20,-0.8,-2.4,-2.2,-3.9,-3.3,-3.6,-6.5,-5.5,-3.6,-2.7,-3.3,-3,-5.3,NA,NA,-1.9,-1.3,-2.2,-2.4,-2.7,-3.9,-2.5,-4.3,-4.1,-4.7,-5.6,1,1.1,2.4,4.1,2.8,3.3,7.2,4.7,1.4,1,2,1.2,4.2,NA,NA,1.4,1.2,1.7,1.4,1.3,1.3,1.4,1.5,1.5,1.6,1.5,37,32,10,10,16,18,14,23,23,23,26,27,30,30,29,31,33,27,18,24,27,14,19,29,27,32,489,50.8,128,21.6,12.6,-9,104,96,150,162,146,144,148,140,115,99,118,130,134,127,110,100,95,90,78,81,108,108,105,95,125,118,131,96,121,115,118,129,107,125,125,92,NA,130,128,115,93,90,103,95,105,95,98,91,98,109,98,113,107,52,84,64,69,89,52,65,68,73,NA,95,91,75,63,70,91,70,77,72,76,65,73,76,67,80,118,87,103,85,86,102,83,85,93,85,NA,105,105,90,79,80,90,77,90,82,84,71,85,89,80,94,26,25,28,31,31,38,31,23,18,16,17,17,19,22,16,17,18,18,18,18,19,18,18,18,19,23,18,21,14,16,13,13,20,15,13,13,14,13,13,14,13,14,15,16,16,16,15,16,15,15,15,18,21,23,22,24,21,25,28,18,15,14,16,15,15,17,15,15,16,17,17,17,17,17,17,18,18,21,13,12,11,12,11,6,10,10,11,10,12,12,12,12,12,12,12,13,14,14,14,15,15,15,15,12,5.1,4.7,5.9,5.9,7.3,6.3,7.2,7.3,7.6,4.5,6,5.9,5.8,5.4,4.4,4.4,4.4,3.9,4.6,5.3,5.9,6,6.8,6.8,7.3,7.9,4.51,4.16,5.22,5.22,6.46,5.58,6.37,6.46,6.73,3.98,5.31,5.22,5.13,4.78,3.89,3.89,3.89,3.45,4.07,4.69,5.22,5.31,6.02,6.02,6.46,6.99,37.5,37.5,38.5,38.3,38.5,38.5,38.4,37.4,37.5,37.6,37.6,38.7,38.7,38.7,38.7,38.7,38.7,38.8,38.7,38.7,38.4,38,38,38,37.3,37.8,350,50,160,50,110,50,70,100,200,150,325,40,70,15,30,17,50,70,65,100,26,45,85,50,15,15,2308,48,48,548,48,348,298,798,548,48,48,48,48,48,298,298,298,96,247,97,97,97,298,98,98,100,105,5151,2843,0,5,3,3,0,0,0,0,0,0,0,0,0,0,0,0,0,0,5,3,5,5,5,5,5,3,0,0.104166667,0.0625,0.0625,0,0,0,0,0,0,0,0,0,0,0,0,0,0,0.104166667,0.0625,0.104166667,0.104166667,0.104166667,0.104166667,0.104166667,0.0625
32,Intervention,53,1.2,6.04,320,320,3.96,210,210,210,210,210,210,210,210,210,210,210,210,210,210,210,210,210,210,210,210,210,210,210,320,30,30,8,8,8,8,8,8,8,8,8,8,8,8,8,8,8,8,8,8,8,8,8,8,8,30,0.28,1,0.3,0.3,0.3,0.3,0.3,0.3,0.3,0.3,0.3,0.3,0.3,0.3,0.3,0.3,0.3,0.3,0.3,0.3,0.3,0.3,0.3,0.3,0.3,1,5,10,10,10,10,10,10,10,10,10,10,10,10,10,10,10,10,10,10,10,10,10,10,10,10,10,1.2,1.2,1.3,1.3,1.3,1.3,1.3,1.3,1.3,1.3,1.3,1.3,1.3,1.3,1.3,1.3,1.3,1.3,1.3,1.3,1.3,1.3,1.3,1.3,1.3,1.2,21,27,21,21,24,17,18,19,20,20,21,20,21,22,21,24,24,24,23,23,23,21,33,35,23,44,19,24,20,19,22,16,17,18,18,19,19,19,19,20,19,22,22,22,22,21,20,NA,29,NA,21,35,38,22,23,19,26,29,27,25,25,24,24,24,25,24,22,19,19,20,19,18,20,NA,11,NA,20,11,14,14,10,9,12,6,7,8,8,9,9,9,9,10,9,12,12,12,12,11,10,NA,19,NA,11,35,7.407,7.42,7.591,7.528,7.503,7.544,7.401,7.576,7.523,NA,7.502,NA,7.446,7.429,NA,7.376,NA,7.326,7.351,7.334,7.29,NA,7.131,NA,7.092,NA,129,59,229,180,188,129,105,103,98.9,NA,119,NA,116,114,NA,101,NA,91.1,88.3,90.6,88.1,NA,83.4,NA,82.1,NA,39.7,37.9,23.8,28.7,30.9,23.2,39.8,25.7,28.1,NA,27.3,NA,32.1,33.1,NA,31.8,NA,41.1,35.9,35.2,38,NA,40.9,NA,38.4,NA,100,98,98,98,98,97,100,96,96,NA,97,NA,96,97,NA,95,NA,93,93,93,92,NA,87,NA,86,NA,24.8,24.1,23,23.8,24,23.2,24.5,26.4,25.1,NA,21.2,NA,23.1,22.8,NA,19.6,NA,20.9,20.1,19.1,18.1,NA,12.9,NA,11.3,NA,0.4,0.2,1.1,1.2,1.1,0.8,0,1.8,0.3,NA,-1.6,NA,-1.7,-2.1,NA,-6,NA,-4.1,-5.2,-6.5,-7.7,NA,-14.4,NA,NA,NA,1.7,1.5,1.7,1.5,1.7,2.5,3,3.4,4.3,NA,3.4,NA,4.2,4,NA,3.4,NA,4.7,5.7,6,7.3,NA,12,NA,NA,NA,41,36,21,24,25,20,35,24,28,28,NA,33,35,36,28,29,33,33,29,28,30,29,29,25,NA,NA,461,59,NA,19.9,NA,NA,87,89,95,99,113,114,110,125,142,128,121,125,117,114,118,116,122,130,124,122,120,146,150,130,130,98,133,132,126,118,103,110,117,91,99,100,95,96,92,92,95,97,93,89,88,81,88,91,95,70,95,70,104,118,104,96,85,90,92,70,65,71,65,61,57,55,62,49,40,38,38,35,38,35,38,33,38,33,117,118,112,105,95,98,114,75,75,80,75,73,69,68,68,66,61,58,57,53,54,53,58,49,58,49,26,32,24,24,19,24,31,28,31,27,25,30,NA,32,36,36,41,39,39,35,36,40,39,30,39,30,12,22,16,16,13,16,18,11,11,10,14,16,NA,18,20,19,19,17,16,15,15,22,22,20,22,20,18,28,19,20,17,21,24,21,22,22,20,24,NA,26,28,28,29,26,27,21,26,30,29,27,29,27,12,13,8,8,8,9,10,13,6,11,10,11,11,12,12,12,12,11,14,14,13,15,17,19,17,19,NA,5.5,NA,3.7,3.8,4.6,4.6,6.8,10.6,8.3,7.8,9.4,9.5,8.9,10.6,9.7,11.3,12.6,11.5,10.9,11.7,12.2,14.9,11.9,NA,NA,NA,4.58,NA,3.08,3.17,3.83,3.83,5.67,8.83,6.92,6.50,7.83,7.92,7.42,8.83,8.08,9.42,10.50,9.58,9.08,9.75,10.17,12.42,9.92,NA,NA,38,37.8,38.5,38.5,38.5,38.5,38.5,38.5,38.5,38.4,38.4,38.4,38.4,38.5,38.5,38.5,38.7,38.6,38.6,38.5,38.5,38.5,38.5,38.6,NA,NA,85,250,475,450,500,300,500,500,500,300,85,45,60,75,85,150,110,180,150,100,120,80,60,30,NA,20,5210,52,52,52,52,352,302,602,302,302,52,302,1052,52,52,802,302,104,104,364,104,364,364,1104,364,104,104,7762,2552,0,2,2,2,0,0,0,2,5,5,5,5,7,7,13,17,20,33,33,35,35,35,45,50,25,25,0,0.037735849,0.037735849,0.037735849,0,0,0,0.037735849,0.094339623,0.094339623,0.094339623,0.094339623,0.132075472,0.132075472,0.245283019,0.320754717,0.377358491,0.622641509,0.622641509,0.660377358,0.660377358,0.660377358,0.849056604,0.943396226,0.471698113,0.471698113
33,Intervention,55,1.23,5.91,325,325,4,220,220,220,220,220,220,220,220,220,220,220,220,220,220,220,220,220,220,220,220,220,220,220,325,30,30,8,8,8,8,8,8,8,8,8,8,8,8,8,8,8,8,8,8,8,8,8,8,8,30,0.28,1,0.3,0.3,0.3,0.3,0.3,0.3,0.3,0.3,0.3,0.3,0.3,0.3,0.3,0.3,0.3,0.3,0.3,0.3,0.3,0.3,0.3,0.3,0.3,1,5,10,10,10,10,10,10,10,10,10,10,10,10,10,10,10,10,10,10,10,10,10,10,10,10,10,1.2,1.2,1.3,1.3,1.3,1.3,1.3,1.3,1.3,1.3,1.3,1.3,1.3,1.3,1.3,1.3,1.3,1.3,1.3,1.3,1.3,1.3,1.3,1.3,1.3,1.2,19,29,22,20,26,24,23,22,24,23,21,24,22,24,24,24,26,25,25,24,24,24,23,21,24,31,14,24,21,19,25,23,22,22,23,22,21,23,21,24,23,26,25,25,24,22,23,24,22,21,21,26,44,29,29,25,15,18,20,21,19,20,21,19,19,18,18,15,16,16,17,17,18,17,19,19,19,28,9,14,11,9,15,13,12,12,13,12,11,13,11,14,13,16,15,15,14,12,13,14,12,11,11,26,7.418,7.294,7.502,7.396,7.497,7.481,7.512,7.508,NA,7.492,NA,7.477,7.465,NA,7.434,7.464,NA,NA,7.379,7.367,NA,NA,7.478,7.475,7.464,7.473,130,49,178,102,72.2,76.5,86.9,124,NA,138,NA,155,155,NA,128,141,NA,NA,118,118,NA,NA,116,110,101,259,39,55.1,32.7,41.5,31.3,34.9,31.2,33.7,NA,37.8,NA,39.2,39.5,NA,40.9,40.6,NA,NA,48.5,48.2,NA,NA,35.5,37.3,101,34.6,97,98,98,96,92,93,95,97,NA,98,NA,98,98,NA,97,98,NA,NA,96,96,NA,NA,97,96,96,99,25.1,25.9,25.4,25,25.6,26.8,26.5,26.6,NA,28.6,NA,28.6,28,NA,26.9,28.7,NA,NA,27.1,26.2,NA,NA,26,27.8,26.7,25,0.7,0.2,2.4,0.6,1,1.9,2,3.5,NA,1.5,NA,5,4.3,NA,3,5,NA,NA,3.2,2.2,NA,NA,2.6,3.6,2.4,1.6,1,0.8,2,1.5,0.8,1.5,1.5,NA,1.4,1.3,NA,1.2,1,NA,NA,1.2,1.9,NA,NA,2,1.7,1.8,NA,1.7,1.8,1.8,40,44,20,22,22,20,19,22,20,22,30,29,33,30,38,40,42,37,42,45,33,31,31,33,32,29,464,49,259,24,4.8,-19.2,90,150,125,114,122,126,124,120,112,110,106,103,96,102,103,89,84,83,98,97,105,94,95,98,107,91,141,129,117,128,126,134,121,134,110,107,107,104,104,105,97,88,86,82,92,91,98,87,86,93,97,91,121,110,99,107,105,118,98,104,85,76,80,74,73,73,67,70,57,55,58,62,62,55,57,53,54,56,132,114,109,117,111,115,108,119,97,90,93,87,87,85,80,79,69,66,72,76,76,68,68,70,75,69,26,17,NA,NA,NA,NA,NA,NA,NA,NA,NA,NA,NA,NA,NA,NA,NA,NA,NA,NA,NA,NA,NA,NA,NA,NA,19,14,NA,NA,NA,NA,NA,NA,NA,NA,NA,NA,NA,NA,NA,NA,NA,NA,NA,NA,NA,NA,NA,NA,NA,NA,22,15,NA,NA,NA,NA,NA,NA,NA,NA,NA,NA,NA,NA,NA,NA,NA,NA,NA,NA,NA,NA,NA,NA,NA,NA,13,14,11,12,9,13,12,13,13,12,12,12,12,12,12,12,13,14,14,15,15,16,18,18,19,14,NA,NA,NA,NA,NA,NA,NA,NA,NA,NA,NA,NA,NA,NA,NA,NA,NA,NA,NA,NA,NA,NA,NA,NA,NA,NA,NA,NA,NA,NA,NA,NA,NA,NA,NA,NA,NA,NA,NA,NA,NA,NA,NA,NA,NA,NA,NA,NA,NA,NA,NA,NA,38.1,38,38.5,38.5,38.5,38.5,38.5,NA,NA,NA,NA,NA,NA,NA,NA,NA,NA,NA,NA,38.2,38.5,38.2,38.2,38.2,38.5,38.5,NA,40,500,70,50,90,95,170,70,180,570,65,35,45,37,50,50,40,40,40,50,60,60,50,30,60,2547,55,55,555,305,555,55,305,555,55,55,55,305,55,305,55,55,55,305,55,555,55,55,305,305,55,55,5180,2663,0,0,0,0,0,0,0,0,0,0,0,0,0,0,0,0,0,5,5,7,7,7,7,7,10,5,0,0,0,0,0,0,0,0,0,0,0,0,0,0,0,0,0,0.090909091,0.090909091,0.127272727,0.127272727,0.127272727,0.127272727,0.127272727,0.181818182,0.090909091
34,Intervention,55,1.23,6,330,330,4,220,220,220,220,220,220,220,220,220,220,220,220,220,220,220,220,220,220,220,220,220,220,220,330,30,30,8,8,8,8,8,8,8,8,8,8,8,8,8,8,8,8,8,8,8,8,8,8,8,30,0.28,1,0.3,0.3,0.3,0.3,0.3,0.3,0.3,0.3,0.3,0.3,0.3,0.3,0.3,0.3,0.3,0.3,0.3,0.3,0.3,0.3,0.3,0.3,0.3,1,5,10,10,10,10,10,10,10,10,10,10,10,10,10,10,10,10,10,10,10,10,10,10,10,10,10,1.2,1.2,1.3,1.3,1.3,1.3,1.3,1.3,1.3,1.3,1.3,1.3,1.3,1.3,1.3,1.3,1.3,1.3,1.3,1.3,1.3,1.3,1.3,1.3,1.3,1.2,19,34,26,26,30,28,25,26,26,26,25,26,25,26,27,26,29,26,28,22,26,26,25,24,25,46,17,30,24,25,27,26,24,24,24,24,23,23,23,24,24,24,27,24,27,24,22,24,24,20,23,20,31,24,17,18,15,16,18,17,17,17,19,19,19,18,18,19,14,15,13,15,15,16,17,17,17,14,12,20,14,15,17,16,14,14,14,14,19,13,13,14,14,14,17,14,17,14,12,14,14,10,13,20,7.399,7.348,7.385,7.582,7.477,7.54,7.469,7.541,7.54,7.485,7.507,7.528,7.511,7.506,7.519,7.506,7.544,7.538,NA,7.474,7.467,7.527,7.497,7.483,7.47,7.332,123,70.7,148,162,111,87.7,72,121,95.8,94.1,91.7,82.7,95.1,95.2,101,92.9,87.4,70.2,NA,59.8,71.2,79,87.1,79.9,76.3,73.6,39.7,43.6,39.7,23.9,31.1,26.2,29.6,28.2,25.3,32.7,26.8,29.5,30.8,32.7,30.8,30.8,26,27.6,NA,33.7,34.2,28.7,29.9,31.9,34.1,48.6,97,87,97,98,96,95,92,97,96,96,96,95,97,96,97,96,96,92,NA,85,90,94,96,94,93,88,24,22.9,23.2,22.6,22.8,24.9,23,24.1,21.5,25.7,23.3,26.4,26.2,27,25,25.9,24.8,25.6,NA,25.5,25.5,25.7,24.8,24.6,25.6,24,-0.2,-1.5,-1.1,0.7,-0.4,-0.1,-1.9,1.6,-0.8,1.2,-1.6,1.8,1.6,2.6,2.2,1.3,0.1,0.9,NA,1.1,1,1,0,-0.1,1.1,-0.2,1.1,1.6,1.7,1.7,2,2,1.9,1.3,1.1,1.1,1.2,1.6,1.7,2,1.8,2.1,2.2,2.3,NA,2.6,2.1,2,2.2,2,2.2,2,39,33,30,20,25,23,29,25,24,28,26,28,30,31,32,31,27,27,26,27,26,23,25,26,27,36,439,70.7,73.6,18.6,21.9,3.3,80,98,84,78,80,98,104,116,114,101,111,113,103,101,99,99,108,116,101,108,109,100,97,104,110,118,130,120,110,116,111,109,125,97,96,94,99,100,97,94,93,91,104,98,83,103,97,92,91,92,96,85,100,92,81,91,95,86,86,55,57,58,56,56,55,50,46,44,65,53,40,65,49,52,55,41,50,38,112,103,92,101,102,94,104,72,70,65,73,72,68,67,63,61,78,70,56,78,67,66,67,60,66,59,24,38,27,19,25,26,33,21,30,25,33,32,25,25,23,26,33,31,28,35,30,28,26,30,29,44,14,24,13,9,17,19,17,9,9,11,9,14,7,8,7,13,15,11,10,15,13,12,13,11,12,19,19,29,17,15,21,21,26,18,18,17,17,16,14,15,15,17,21,19,17,24,18,17,19,20,20,27,12,13,1,1,4,3,6,3,3,6,3,1,1,1,2,3,4,2,1,4,3,3,4,4,4,4,NA,5.6,4.5,4,3.3,3.9,4.9,5.1,6.1,6.5,7,7.7,7.8,7.9,7.7,8.7,9.9,10.4,8.6,10,10.3,9.3,8.8,9.3,11.1,12.2,0.00,4.55,3.66,3.25,2.68,3.17,3.98,4.15,4.96,5.28,5.69,6.26,6.34,6.42,6.26,7.07,8.05,8.46,6.99,8.13,8.37,7.56,7.15,7.56,9.02,9.92,37.7,37.8,38.5,38.5,38.5,38.5,38.5,38.5,38.5,38.5,38.5,38.4,38.4,38.4,38.5,38.5,38.5,38.5,38.5,38.3,38.4,38.5,38.5,38.4,38.4,38.6,450,160,150,250,500,400,750,500,500,450,400,460,250,150,130,200,350,240,500,220,150,130,90,80,100,90,7650,55,55,555,305,305,555,900,860,610,360,360,110,360,610,360,610,360,110,110,110,110,110,360,110,360,110,8820,1170,0,1,5,3,0,0,0,0,5,5,5,5,5,5,5,7,7,7,7,10,10,10,10,11,15,15,0,0.018181818,0.090909091,0.054545455,0,0,0,0,0.090909091,0.090909091,0.090909091,0.090909091,0.090909091,0.090909091,0.090909091,0.127272727,0.127272727,0.127272727,0.127272727,0.181818182,0.181818182,0.181818182,0.181818182,0.2,0.272727273,0.272727273